[
{
"id":1,
        "name":"Nokia",
        "price":8999,
"favourite":false,
"imageUrl":"assets/phone.jpg",
"tags":"offer",
"stars":4.5
},
      {
        "id":2,
        "name":"Samsung",
        "price":1999,
"favourite":"false",
"imageUrl":"assets/phone.jpg",
"tags":"offer",
"stars":4

      },
      {
        "id":3,
        "name":"Vivo",
        "price":10999,
"favourite":false,
"imageUrl":"assets/phone.jpg",
"tags":"offer",
"stars":4.5

      },
      {
        "id":4,
        "name":"Samsung J9",
        "price":20099,
"favourite":"false",
"imageUrl":"assets/phone.jpg",
"tags":"offer",
"stars":4}]
    
    
    
